Suite/Test/Step Name,Browser,Description,Tag,Start time,End time,Duration,Status
TCLOG001,Firefox 109.0,Verify Successful Login,,2023-10-29 15:26:39,2023-10-29 15:27:07,28.225s,PASSED
,,,,,,,
Test Cases/Login,Firefox 109.0,,,2023-10-29 15:26:39,2023-10-29 15:27:07,27.370s,PASSED
"openBrowser("""")",Firefox 109.0,,,2023-10-29 15:26:40,2023-10-29 15:26:43,3.632s,PASSED
navigateToUrl(URL_Demo),Firefox 109.0,,,2023-10-29 15:26:43,2023-10-29 15:27:00,16.394s,PASSED
delay(3),Firefox 109.0,,,2023-10-29 15:27:00,2023-10-29 15:27:03,3.053s,PASSED
"click(findTestObject(""Login/hrefToggle""))",Firefox 109.0,,,2023-10-29 15:27:03,2023-10-29 15:27:04,0.673s,PASSED
"click(findTestObject(""Login/hrefLogin""))",Firefox 109.0,,,2023-10-29 15:27:04,2023-10-29 15:27:04,0.875s,PASSED
"setText(findTestObject(""Login/txtUsername""), Username)",Firefox 109.0,,,2023-10-29 15:27:04,2023-10-29 15:27:05,0.670s,PASSED
"setText(findTestObject(""Login/txtPassword""), Password)",Firefox 109.0,,,2023-10-29 15:27:05,2023-10-29 15:27:06,0.658s,PASSED
"click(findTestObject(""Login/btnLogin""))",Firefox 109.0,,,2023-10-29 15:27:06,2023-10-29 15:27:07,1.095s,PASSED
,,,,,,,
Test Cases/Verify User Redirect Succes Login,Firefox 109.0,,,2023-10-29 15:27:07,2023-10-29 15:27:07,0.633s,PASSED
"verifyTextPresent(""Make Appointment"", false)",Firefox 109.0,,,2023-10-29 15:27:07,2023-10-29 15:27:07,0.356s,PASSED
