Suite/Test/Step Name,Browser,Description,Tag,Start time,End time,Duration,Status
TCAPPO002,Firefox 109.0,Verify Invalid Appointment Booking because the date was not filled in,,2023-10-29 15:14:59,2023-10-29 15:15:27,27.464s,PASSED
,,,,,,,
Test Cases/Login,Firefox 109.0,,,2023-10-29 15:15:00,2023-10-29 15:15:23,23.372s,PASSED
"openBrowser("""")",Firefox 109.0,,,2023-10-29 15:15:00,2023-10-29 15:15:03,3.543s,PASSED
navigateToUrl(URL_Demo),Firefox 109.0,,,2023-10-29 15:15:03,2023-10-29 15:15:15,11.590s,PASSED
delay(3),Firefox 109.0,,,2023-10-29 15:15:15,2023-10-29 15:15:18,3.050s,PASSED
"click(findTestObject(""Login/hrefToggle""))",Firefox 109.0,,,2023-10-29 15:15:18,2023-10-29 15:15:19,0.675s,PASSED
"click(findTestObject(""Login/hrefLogin""))",Firefox 109.0,,,2023-10-29 15:15:19,2023-10-29 15:15:20,1.753s,PASSED
"setText(findTestObject(""Login/txtUsername""), Username)",Firefox 109.0,,,2023-10-29 15:15:20,2023-10-29 15:15:21,0.681s,PASSED
"setText(findTestObject(""Login/txtPassword""), Password)",Firefox 109.0,,,2023-10-29 15:15:21,2023-10-29 15:15:22,0.656s,PASSED
"click(findTestObject(""Login/btnLogin""))",Firefox 109.0,,,2023-10-29 15:15:22,2023-10-29 15:15:23,1.109s,PASSED
,,,,,,,
Test Cases/Make Appointment - Blank Date,Firefox 109.0,,,2023-10-29 15:15:23,2023-10-29 15:15:26,2.994s,PASSED
"click(findTestObject(""Make Appointment/rbApplyhospitalreadmission""))",Firefox 109.0,,,2023-10-29 15:15:23,2023-10-29 15:15:24,0.641s,PASSED
"click(findTestObject(""Make Appointment/rbMedicaidPrograms""))",Firefox 109.0,,,2023-10-29 15:15:24,2023-10-29 15:15:25,0.562s,PASSED
"setText(findTestObject(""Make Appointment/textareaComment""), ""Make Appointment"")",Firefox 109.0,,,2023-10-29 15:15:25,2023-10-29 15:15:25,0.695s,PASSED
"click(findTestObject(""Make Appointment/btnBookAppointment""))",Firefox 109.0,,,2023-10-29 15:15:25,2023-10-29 15:15:26,0.702s,PASSED
,,,,,,,
Test Cases/Verify failed make appointment,Firefox 109.0,,,2023-10-29 15:15:26,2023-10-29 15:15:27,0.838s,PASSED
"verifyTextNotPresent(""Appointment Confirmation"", false)",Firefox 109.0,,,2023-10-29 15:15:26,2023-10-29 15:15:27,0.422s,PASSED
