Suite/Test/Step Name,Browser,Description,Tag,Start time,End time,Duration,Status
TCAPPO001,Firefox 109.0,Verify Successful Appointment Booking,,2023-10-29 15:13:51,2023-10-29 15:14:31,39.567s,PASSED
,,,,,,,
Test Cases/Login,Firefox 109.0,,,2023-10-29 15:13:51,2023-10-29 15:14:26,34.366s,PASSED
"openBrowser("""")",Firefox 109.0,,,2023-10-29 15:13:52,2023-10-29 15:13:55,3.635s,PASSED
navigateToUrl(URL_Demo),Firefox 109.0,,,2023-10-29 15:13:55,2023-10-29 15:14:16,20.563s,PASSED
delay(3),Firefox 109.0,,,2023-10-29 15:14:16,2023-10-29 15:14:19,3.044s,PASSED
"click(findTestObject(""Login/hrefToggle""))",Firefox 109.0,,,2023-10-29 15:14:19,2023-10-29 15:14:20,0.689s,PASSED
"click(findTestObject(""Login/hrefLogin""))",Firefox 109.0,,,2023-10-29 15:14:20,2023-10-29 15:14:23,3.512s,PASSED
"setText(findTestObject(""Login/txtUsername""), Username)",Firefox 109.0,,,2023-10-29 15:14:23,2023-10-29 15:14:24,0.676s,PASSED
"setText(findTestObject(""Login/txtPassword""), Password)",Firefox 109.0,,,2023-10-29 15:14:24,2023-10-29 15:14:24,0.672s,PASSED
"click(findTestObject(""Login/btnLogin""))",Firefox 109.0,,,2023-10-29 15:14:24,2023-10-29 15:14:26,1.234s,PASSED
,,,,,,,
Test Cases/Make Appointment,Firefox 109.0,,,2023-10-29 15:14:26,2023-10-29 15:14:30,4.260s,PASSED
"click(findTestObject(""Make Appointment/rbApplyhospitalreadmission""))",Firefox 109.0,,,2023-10-29 15:14:26,2023-10-29 15:14:27,0.578s,PASSED
"click(findTestObject(""Make Appointment/rbMedicaidPrograms""))",Firefox 109.0,,,2023-10-29 15:14:27,2023-10-29 15:14:27,0.601s,PASSED
"setText(findTestObject(""Make Appointment/dateVisitDate""), ""01/112023"")",Firefox 109.0,,,2023-10-29 15:14:27,2023-10-29 15:14:28,0.951s,PASSED
"setText(findTestObject(""Make Appointment/textareaComment""), ""Make Appointment"")",Firefox 109.0,,,2023-10-29 15:14:28,2023-10-29 15:14:29,0.965s,PASSED
"click(findTestObject(""Make Appointment/btnBookAppointment""))",Firefox 109.0,,,2023-10-29 15:14:29,2023-10-29 15:14:30,0.827s,PASSED
,,,,,,,
Test Cases/Verify Message is displayed on appointment,Firefox 109.0,,,2023-10-29 15:14:30,2023-10-29 15:14:31,0.707s,PASSED
"verifyTextPresent(""Appointment Confirmation"", false)",Firefox 109.0,,,2023-10-29 15:14:30,2023-10-29 15:14:31,0.326s,PASSED
