Suite/Test/Step Name,Browser,Description,Tag,Start time,End time,Duration,Status
TCLOG002,Firefox 109.0,Verify Logout Functionality,,2023-10-29 15:27:58,2023-10-29 15:28:22,24.132s,PASSED
,,,,,,,
Test Cases/Login,Firefox 109.0,,,2023-10-29 15:27:58,2023-10-29 15:28:20,21.229s,PASSED
"openBrowser("""")",Firefox 109.0,,,2023-10-29 15:27:59,2023-10-29 15:28:03,3.957s,PASSED
navigateToUrl(URL_Demo),Firefox 109.0,,,2023-10-29 15:28:03,2023-10-29 15:28:13,10.037s,PASSED
delay(3),Firefox 109.0,,,2023-10-29 15:28:13,2023-10-29 15:28:16,3.042s,PASSED
"click(findTestObject(""Login/hrefToggle""))",Firefox 109.0,,,2023-10-29 15:28:16,2023-10-29 15:28:16,0.630s,PASSED
"click(findTestObject(""Login/hrefLogin""))",Firefox 109.0,,,2023-10-29 15:28:16,2023-10-29 15:28:17,0.893s,PASSED
"setText(findTestObject(""Login/txtUsername""), Username)",Firefox 109.0,,,2023-10-29 15:28:17,2023-10-29 15:28:18,0.637s,PASSED
"setText(findTestObject(""Login/txtPassword""), Password)",Firefox 109.0,,,2023-10-29 15:28:18,2023-10-29 15:28:19,0.616s,PASSED
"click(findTestObject(""Login/btnLogin""))",Firefox 109.0,,,2023-10-29 15:28:19,2023-10-29 15:28:20,1.050s,PASSED
,,,,,,,
Test Cases/Logout,Firefox 109.0,,,2023-10-29 15:28:20,2023-10-29 15:28:22,1.981s,PASSED
"click(findTestObject(""Login/hrefLogoutToggle""))",Firefox 109.0,,,2023-10-29 15:28:20,2023-10-29 15:28:21,0.592s,PASSED
"click(findTestObject(""Login/hrefLogout""))",Firefox 109.0,,,2023-10-29 15:28:21,2023-10-29 15:28:22,1.104s,PASSED
,,,,,,,
Test Cases/Verify Redirect to Login Page,Firefox 109.0,,,2023-10-29 15:28:22,2023-10-29 15:28:22,0.625s,PASSED
"verifyTextPresent(""We Care About Your Health"", false)",Firefox 109.0,,,2023-10-29 15:28:22,2023-10-29 15:28:22,0.329s,PASSED
