Suite/Test/Step Name,Browser,Description,Tag,Start time,End time,Duration,Status
TCAPPO003,Firefox 109.0,Verify Appointment Cancellation,,2023-10-29 15:16:47,2023-10-29 15:17:59,1m - 12.221s,PASSED
,,,,,,,
Test Cases/Login,Firefox 109.0,,,2023-10-29 15:16:47,2023-10-29 15:17:54,1m - 6.280s,PASSED
"openBrowser("""")",Firefox 109.0,,,2023-10-29 15:16:48,2023-10-29 15:16:51,3.665s,PASSED
navigateToUrl(URL_Demo),Firefox 109.0,,,2023-10-29 15:16:51,2023-10-29 15:17:25,33.783s,PASSED
delay(3),Firefox 109.0,,,2023-10-29 15:17:25,2023-10-29 15:17:28,3.049s,PASSED
"click(findTestObject(""Login/hrefToggle""))",Firefox 109.0,,,2023-10-29 15:17:28,2023-10-29 15:17:29,0.641s,PASSED
"click(findTestObject(""Login/hrefLogin""))",Firefox 109.0,,,2023-10-29 15:17:29,2023-10-29 15:17:43,13.916s,PASSED
"setText(findTestObject(""Login/txtUsername""), Username)",Firefox 109.0,,,2023-10-29 15:17:43,2023-10-29 15:17:44,0.627s,PASSED
"setText(findTestObject(""Login/txtPassword""), Password)",Firefox 109.0,,,2023-10-29 15:17:44,2023-10-29 15:17:44,0.620s,PASSED
"click(findTestObject(""Login/btnLogin""))",Firefox 109.0,,,2023-10-29 15:17:44,2023-10-29 15:17:54,9.649s,PASSED
,,,,,,,
Test Cases/Make Appointment,Firefox 109.0,,,2023-10-29 15:17:54,2023-10-29 15:17:58,3.883s,PASSED
"click(findTestObject(""Make Appointment/rbApplyhospitalreadmission""))",Firefox 109.0,,,2023-10-29 15:17:54,2023-10-29 15:17:55,0.565s,PASSED
"click(findTestObject(""Make Appointment/rbMedicaidPrograms""))",Firefox 109.0,,,2023-10-29 15:17:55,2023-10-29 15:17:55,0.556s,PASSED
"setText(findTestObject(""Make Appointment/dateVisitDate""), ""01/112023"")",Firefox 109.0,,,2023-10-29 15:17:55,2023-10-29 15:17:56,0.926s,PASSED
"setText(findTestObject(""Make Appointment/textareaComment""), ""Make Appointment"")",Firefox 109.0,,,2023-10-29 15:17:56,2023-10-29 15:17:57,0.797s,PASSED
"click(findTestObject(""Make Appointment/btnBookAppointment""))",Firefox 109.0,,,2023-10-29 15:17:57,2023-10-29 15:17:58,0.776s,PASSED
,,,,,,,
Test Cases/Verify Go Hompage,Firefox 109.0,,,2023-10-29 15:17:58,2023-10-29 15:17:59,1.813s,PASSED
"click(findTestObject(""Make Appointment/btnGotoHomepage""))",Firefox 109.0,,,2023-10-29 15:17:58,2023-10-29 15:17:59,1.019s,PASSED
"verifyTextPresent(""Make Appointment"", false)",Firefox 109.0,,,2023-10-29 15:17:59,2023-10-29 15:17:59,0.544s,PASSED
