Suite/Test/Step Name,Browser,Description,Tag,Start time,End time,Duration,Status
TCAPPO004,Firefox 109.0,Verify Can Access History Appointment,,2023-10-29 15:24:53,2023-10-29 15:25:17,23.776s,PASSED
,,,,,,,
Test Cases/Login,Firefox 109.0,,,2023-10-29 15:24:53,2023-10-29 15:25:10,16.954s,PASSED
"openBrowser("""")",Firefox 109.0,,,2023-10-29 15:24:54,2023-10-29 15:24:57,3.621s,PASSED
navigateToUrl(URL_Demo),Firefox 109.0,,,2023-10-29 15:24:57,2023-10-29 15:25:03,5.697s,PASSED
delay(3),Firefox 109.0,,,2023-10-29 15:25:03,2023-10-29 15:25:06,3.032s,PASSED
"click(findTestObject(""Login/hrefToggle""))",Firefox 109.0,,,2023-10-29 15:25:06,2023-10-29 15:25:07,0.665s,PASSED
"click(findTestObject(""Login/hrefLogin""))",Firefox 109.0,,,2023-10-29 15:25:07,2023-10-29 15:25:08,1.122s,PASSED
"setText(findTestObject(""Login/txtUsername""), Username)",Firefox 109.0,,,2023-10-29 15:25:08,2023-10-29 15:25:08,0.676s,PASSED
"setText(findTestObject(""Login/txtPassword""), Password)",Firefox 109.0,,,2023-10-29 15:25:08,2023-10-29 15:25:09,0.650s,PASSED
"click(findTestObject(""Login/btnLogin""))",Firefox 109.0,,,2023-10-29 15:25:09,2023-10-29 15:25:10,1.195s,PASSED
,,,,,,,
Test Cases/Make Appointment,Firefox 109.0,,,2023-10-29 15:25:10,2023-10-29 15:25:15,4.279s,PASSED
"click(findTestObject(""Make Appointment/rbApplyhospitalreadmission""))",Firefox 109.0,,,2023-10-29 15:25:11,2023-10-29 15:25:11,0.596s,PASSED
"click(findTestObject(""Make Appointment/rbMedicaidPrograms""))",Firefox 109.0,,,2023-10-29 15:25:11,2023-10-29 15:25:12,0.580s,PASSED
"setText(findTestObject(""Make Appointment/dateVisitDate""), ""01/112023"")",Firefox 109.0,,,2023-10-29 15:25:12,2023-10-29 15:25:13,0.935s,PASSED
"setText(findTestObject(""Make Appointment/textareaComment""), ""Make Appointment"")",Firefox 109.0,,,2023-10-29 15:25:13,2023-10-29 15:25:14,1.017s,PASSED
"click(findTestObject(""Make Appointment/btnBookAppointment""))",Firefox 109.0,,,2023-10-29 15:25:14,2023-10-29 15:25:15,0.786s,PASSED
,,,,,,,
Test Cases/History,Firefox 109.0,,,2023-10-29 15:25:15,2023-10-29 15:25:17,2.309s,PASSED
"click(findTestObject(""Login/hrefToggle""))",Firefox 109.0,,,2023-10-29 15:25:15,2023-10-29 15:25:15,0.592s,PASSED
"click(findTestObject(""Make Appointment/hrefHistory""))",Firefox 109.0,,,2023-10-29 15:25:15,2023-10-29 15:25:16,0.762s,PASSED
"verifyTextPresent(""Tokyo CURA Healthcare Center"", false)",Firefox 109.0,,,2023-10-29 15:25:16,2023-10-29 15:25:17,0.575s,PASSED
